<?xml version="1.0" encoding="ISO-8859-1"?>
<metadata>
   <idinfo>
      <citation>
         <citeinfo>
            <origin>U.S. Department of Commerce, U.S. Census Bureau, Geography Division, Cartographic Products and Services Branch</origin>
            <pubdate>201603</pubdate>
            <title>2015 Cartographic Boundary File, State-State Legislative District (Lower Chamber) for Oregon, 1:500,000</title>
            <geoform>vector digital data</geoform>
            <serinfo>
               <sername>Cartographic Boundary Files</sername>
               <issue>2015</issue>
            </serinfo>
            <onlink>http://www2.census.gov/geo/tiger/GENZ2015/shp/cb_2015_41_sldl_500k.zip</onlink>
         </citeinfo>
      </citation>
      <descript>
         <abstract>The 2015 cartographic boundary shapefiles are simplified representations of selected geographic areas from the U.S. Census Bureau's Master Address File / Topologically Integrated Geographic Encoding and Referencing (MAF/TIGER) Database (MTDB). These boundary files are specifically designed for small-scale thematic mapping. When possible, generalization is performed with the intent to maintain the hierarchical relationships among geographies and to maintain the alignment of geographies within a file set for a given year. Geographic areas may not align with the same areas from another year. Some geographies are available as nation-based files while others are available only as state-based files.

SLDL stands for State Legislative District Lower Chamber.  State Legislative Districts (SLDs) are the areas from which members are elected to state legislatures. The SLDs embody the upper (senate) and lower (house) chambers of the state legislature. Nebraska has a unicameral legislature and the District of Columbia has a single council, both of which the Census Bureau treats as upper-chamber legislative areas for the purpose of data presentation; there are no data by SLDL for either Nebraska or the District of Columbia. A unique three-character census code, identified by state participants, is assigned to each SLD within a state. In Connecticut, Illinois, Louisiana, Maine, Maryland, Massachusetts, Michigan, Ohio, and Puerto Rico, the Redistricting Data Program (RDP) participant did not define the SLDs to cover all of the state or state equivalent area. In these areas with no SLDs defined, the code "ZZZ" has been assigned, which is treated as a single SLD for purposes of data presentation.

The boundaries of the 2014 state legislative districts were provided by state-level participants through the RDP and reflect the districts used to elect members in or prior to the November 2014 election.</abstract>
         <purpose>These files were specifically created to support small-scale thematic mapping.  To improve the appearance of shapes at small scales, areas are represented with fewer vertices than detailed TIGER/Line Shapefiles.  Cartographic boundary files take up less disk space than their ungeneralized counterparts.  Cartographic boundary files take less time to render on screen than TIGER/Line Shapefiles.  You can join this file with table data downloaded from American FactFinder by using the AFFGEOID field in the cartographic boundary file.  If detailed boundaries are required, please use the TIGER/Line Shapefiles instead of the generalized cartographic boundary files.</purpose>
      </descript>
      <timeperd>
         <timeinfo>
            <rngdates>
               <begdate>201603</begdate>
               <enddate>201603</enddate>
            </rngdates>
         </timeinfo>
         <current>publication date</current>
      </timeperd>
      <status>
         <progress>Complete</progress>
         <update>None planned.  No changes or updates will be made to this version of the cartographic boundary files.  New versions of the cartographic boundary files will be produced on an annual release schedule.  Types of geography released may vary from year to year.</update>
      </status>
      <spdom>
         <bounding>
            <westbc>-124.566244</westbc>
            <eastbc>-116.463504</eastbc>
            <northbc>46.292035</northbc>
            <southbc>41.991794</southbc>
         </bounding>
      </spdom>
      <keywords>
         <theme>
            <themekt>ISO 19115 Topic Categories</themekt>
            <themekey>Boundaries</themekey>
         </theme>
         <theme>
            <themekt>None</themekt>
            <themekey>2015</themekey>
            <themekey>SHP</themekey>
            <themekey>Cartographic Boundary</themekey>
            <themekey>Generalized</themekey>
            <themekey>Lower Chamber</themekey>
            <themekey>Lower District</themekey>
            <themekey>State</themekey>
            <themekey>State Legislative District</themekey>
         </theme>
         <place>
            <placekt>ANSI INCITS 38:2009 (Formerly FIPS 5-2), ANSI INCITS 31:2009 (Formerly FIPS 6-4),ANSI INCITS 454:2009 (Formerly FIPS 8-6), ANSI INCITS 455:2009(Formerly FIPS 9-1), ANSI INCITS 446:2008 (Geographic Names Information System (GNIS))</placekt>
            <placekey>Oregon</placekey>
            <placekey>OR</placekey>
         </place>
      </keywords>
      <accconst>None</accconst>
      <useconst>The intended display scale for this file is 1:500,000.  This file should not be displayed at scales larger than 1:500,000.

These products are free to use in a product or publication, however acknowledgement must be given to the U.S. Census Bureau as the source.  The boundary information is for visual display at appropriate small scales only.  Cartographic boundary files should not be used for geographic analysis including area or perimeter calculation.  Files should not be used for geocoding addresses.  Files should not be used for determining precise geographic area relationships.
</useconst>
      <ptcontac>
         <cntinfo>
            <cntorgp>
               <cntorg>U.S. Department of Commerce, U.S. Census Bureau, Geography Division, Geographic Customer Services Branch</cntorg>
            </cntorgp>
            <cntaddr>
               <addrtype>mailing</addrtype>
               <address>4600 Silver Hill Road</address>
               <city>Washington</city>
               <state>DC</state>
               <postal>20233-7400</postal>
               <country>United States</country>
            </cntaddr>
            <cntvoice>301.763.1128</cntvoice>
            <cntfax>301.763.4710</cntfax>
            <cntemail>geo.geography@census.gov</cntemail>
         </cntinfo>
      </ptcontac>
   </idinfo>
   <dataqual>
      <attracc>
         <attraccr>Accurate against American National Standards Institute (ANSI) Publication INCITS 446-2008 (Geographic Names Information System (GNIS)) at the 100% level for the codes and base names present in the file.  The remaining attribute information has been examined but has not been fully tested for accuracy.</attraccr>
      </attracc>
      <logic>The Census Bureau performed automated tests to ensure logical consistency of the source database.  Segments making up the outer and inner boundaries of a polygon tie end-to-end to completely enclose the area.  All polygons were tested for closure. The Census Bureau uses its internally developed geographic update system to enhance and modify spatial and attribute data in the Census MAF/TIGER database.  Standard geographic codes, such as INCITS (formerly FIPS) codes for states, counties, municipalities, county subdivisions, places, American Indian/Alaska Native/Native Hawaiian areas, and congressional districts are used when encoding spatial entities.  The Census Bureau performed spatial data tests for logical consistency of the codes during the compilation of the original Census MAF/TIGER database files.  Feature attribute information has been examined but has not been fully tested for consistency.

For the cartographic boundary files, the Point and Vector Object Count for the G-polygon SDTS Point and Vector Object Type reflects the number of records in the file's data table.  For multi-polygon features, only one attribute record exists for each multi-polygon rather than one attribute record per individual G-polygon component of the multi-polygon feature.  Cartographic Boundary File multi-polygons are an exception to the G-polygon object type classification.  Therefore, when multi-polygons exist in a file, the object count will be less than the actual number of G-polygons.</logic>
      <complete>The cartographic boundary files are generalized representations of extracts taken from the MAF/TIGER Database.  Generalized boundary files are clipped to a simplified version of the U.S. outline.  As a result, some off-shore areas may be excluded from the generalized files.  Some small geographic areas, holes, or discontiguous parts of areas may not be included in generalized files if they are not visible at the target scale.</complete>
      <posacc>
         <horizpa>
            <horizpar>Data are not accurate. Data are generalized representations of geographic boundaries at 1:500,000.</horizpar>
         </horizpa>
      </posacc>
      <lineage>
         <srcinfo>
            <srccite>
               <citeinfo>
                  <origin>U.S. Department of Commerce, U.S. Census Bureau, Geography Division, Geographic Customer Services Branch</origin>
                  <pubdate>unpublished material</pubdate>
                  <title>Census MAF/TIGER database</title>
               </citeinfo>
            </srccite>
            <typesrc>Geo-spatial Relational Database</typesrc>
            <srctime>
               <timeinfo>
                  <rngdates>
                     <begdate>20150101</begdate>
                     <enddate>20150101</enddate>
                  </rngdates>
               </timeinfo>
               <srccurr>The dates describe the effective date of 2015 cartographic boundaries.</srccurr>
            </srctime>
            <srccitea>MAF/TIGER</srccitea>
            <srccontr>All spatial and feature data</srccontr>
         </srcinfo>
         <procstep>
            <procdesc>Spatial data were extracted from the MAF/TIGER database and processed through a U.S. Census Bureau batch generalization system.</procdesc>
            <srcused>MAF/TIGER</srcused>
            <procdate>201603</procdate>
         </procstep>
      </lineage>
   </dataqual>
   <spdoinfo>
      <indspref>INCITS (formerly FIPS) codes</indspref>
      <direct>Vector</direct>
      <ptvctinf>
         <sdtsterm>
            <sdtstype>G-polygon</sdtstype>
            <ptvctcnt>60</ptvctcnt>
         </sdtsterm>
      </ptvctinf>
   </spdoinfo>
   <spref>
      <horizsys>
         <geograph>
            <latres>0.000458</latres>
            <longres>0.000458</longres>
            <geogunit>Decimal degrees</geogunit>
         </geograph>
         <geodetic>
            <horizdn>North American Datum of 1983</horizdn>
            <ellips>Geodetic Reference System 80</ellips>
            <semiaxis>6378137.000000</semiaxis>
            <denflat>298.257222</denflat>
         </geodetic>
      </horizsys>
   </spref>
   <eainfo>
      <detailed>
         <enttyp>
            <enttypl>cb_2015_41_sldl_500k.shp</enttypl>
            <enttypd>Current State Legislative District (SLD) (Lower Chamber) State-based entities</enttypd>
            <enttypds>U.S. Census Bureau</enttypds>
         </enttyp>
         <attr>
            <attrlabl>STATEFP</attrlabl>
            <attrdef>Current state Federal Information Processing Series (FIPS) code</attrdef>
            <attrdefs>U.S. Census Bureau</attrdefs>
            <attrdomv>
               <codesetd>
                  <codesetn>National Standard Codes (ANSI INCITS 38-2009), Federal Information Processing Series (FIPS) - States/State Equivalents</codesetn>
                  <codesets>U.S. Census Bureau</codesets>
               </codesetd>
            </attrdomv>
         </attr>
         <attr>
            <attrlabl>SLDLST</attrlabl>
            <attrdef>Current state legislative district (lower chamber) code</attrdef>
            <attrdefs>U.S. Census Bureau</attrdefs>
            <attrdomv>
               <udom>Any ASCII alphabetic or numeric character combination plus hyphens from one to three characters. A code of ZZZ represents a State legislative district (lower chamber) that has not been defined.</udom>
            </attrdomv>
         </attr>
         <attr>
            <attrlabl>AFFGEOID</attrlabl>
            <attrdef>American FactFinder summary level code + geovariant code + '00US' + GEOID</attrdef>
            <attrdefs>U.S. Census Bureau</attrdefs>
            <attrdomv>
               <codesetd>
                  <codesetn>American FactFinder geographic identifier</codesetn>
                  <codesets>U.S. Census Bureau</codesets>
               </codesetd>
            </attrdomv>
         </attr>
         <attr>
            <attrlabl>GEOID</attrlabl>
            <attrdef>State legislative district lower chamber identifier; a concatenation of current state Federal Information Processing Series (FIPS) code and state legislative district lower chamber code</attrdef>
            <attrdefs>U.S. Census Bureau</attrdefs>
            <attrdomv>
               <udom>The GEOID attribute is a concatenation of the state FIPS code followed by the state legislative district lower chamber code. No spaces are allowed between the two codes. The state FIPS code is taken from "National Standard Codes (ANSI INCITS 38-2009), Federal Information Processing Series(FIPS) - States". The state legislative district lower chamber code is taken from the "SLDLST" attribute.</udom>
            </attrdomv>
         </attr>
         <attr>
            <attrlabl>NAME</attrlabl>
            <attrdef>Current state legislative district (lower chamber) name</attrdef>
            <attrdefs>U.S. Census Bureau</attrdefs>
            <attrdomv>
               <udom>Values for this attribute are composed of a set of names. As such, they do not exist in a known, predefined set.</udom>
            </attrdomv>
         </attr>
         <attr>
            <attrlabl>LSAD</attrlabl>
            <attrdef>Current legal/statistical area description code for state legislative district (lower chamber)</attrdef>
            <attrdefs>U.S. Census Bureau</attrdefs>
            <attrdomv>
               <edom>
                  <edomv>00</edomv>
                  <edomvd>Blank</edomvd>
                  <edomvds>U.S. Census Bureau</edomvds>
               </edom>
            </attrdomv>
            <attrdomv>
               <edom>
                  <edomv>07</edomv>
                  <edomvd>District (suffix)</edomvd>
                  <edomvds>U.S. Census Bureau</edomvds>
               </edom>
            </attrdomv>
            <attrdomv>
               <edom>
                  <edomv>L3</edomv>
                  <edomvd>Assembly District (prefix)</edomvd>
                  <edomvds>U.S. Census Bureau</edomvds>
               </edom>
            </attrdomv>
            <attrdomv>
               <edom>
                  <edomv>L4</edomv>
                  <edomvd>General Assembly District (prefix)</edomvd>
                  <edomvds>U.S. Census Bureau</edomvds>
               </edom>
            </attrdomv>
            <attrdomv>
               <edom>
                  <edomv>L5</edomv>
                  <edomvd>State Legislative District (prefix)</edomvd>
                  <edomvds>U.S. Census Bureau</edomvds>
               </edom>
            </attrdomv>
            <attrdomv>
               <edom>
                  <edomv>L6</edomv>
                  <edomvd>State Legislative Subdistrict (prefix)</edomvd>
                  <edomvds>U.S. Census Bureau</edomvds>
               </edom>
            </attrdomv>
            <attrdomv>
               <edom>
                  <edomv>L9</edomv>
                  <edomvd>State House District (suffix)</edomvd>
                  <edomvds>U.S. Census Bureau</edomvds>
               </edom>
            </attrdomv>
            <attrdomv>
               <edom>
                  <edomv>LL</edomv>
                  <edomvd>State House District (prefix)</edomvd>
                  <edomvds>U.S. Census Bureau</edomvds>
               </edom>
            </attrdomv>
         </attr>
         <attr>
            <attrlabl>LSY</attrlabl>
            <attrdef>Legislative session year</attrdef>
            <attrdefs>U.S. Census Bureau</attrdefs>
            <attrdomv>
               <edom>
                  <edomv>2014</edomv>
                  <edomvd>Legislative session year</edomvd>
                  <edomvds>U.S. Census Bureau</edomvds>
               </edom>
            </attrdomv>
         </attr>
         <attr>
            <attrlabl>ALAND</attrlabl>
            <attrdef>Current land area (square meters)</attrdef>
            <attrdefs>U.S. Census Bureau</attrdefs>
            <attrdomv>
               <rdom>
                  <rdommin>0</rdommin>
                  <rdommax>9,999,999,999,999</rdommax>
                  <attrunit>square meters</attrunit>
               </rdom>
            </attrdomv>
         </attr>
         <attr>
            <attrlabl>AWATER</attrlabl>
            <attrdef>Current water area (square meters)</attrdef>
            <attrdefs>U.S. Census Bureau</attrdefs>
            <attrdomv>
               <rdom>
                  <rdommin>0</rdommin>
                  <rdommax>9,999,999,999,999</rdommax>
                  <attrunit>square meters</attrunit>
               </rdom>
            </attrdomv>
         </attr>
      </detailed>
   </eainfo>
   <distinfo>
      <distrib>
         <cntinfo>
            <cntorgp>
               <cntorg>U.S. Department of Commerce, U.S. Census Bureau, Geography Division, Geographic Customer Services Branch</cntorg>
            </cntorgp>
            <cntaddr>
               <addrtype>mailing</addrtype>
               <address>4600 Silver Hill Road</address>
               <city>Washington</city>
               <state>DC</state>
               <postal>20233-7400</postal>
               <country>United States</country>
            </cntaddr>
            <cntvoice>301.763.1128</cntvoice>
            <cntfax>301.763.4710</cntfax>
            <cntemail>geo.geography@census.gov</cntemail>
         </cntinfo>
      </distrib>
      <distliab>No warranty, expressed or implied is made with regard to the accuracy of these data, and no liability is assumed by the U.S. Government in general or the U.S. Census Bureau in specific as to the spatial or attribute accuracy of the data.  The act of distribution shall not constitute any such warranty and no responsibility is assumed by the U.S. government in the use of these files.  The boundary information is for small-scale mapping purposes only; boundary depiction and designation for small-scale mapping purposes do not constitute a determination of jurisdictional authority or rights of ownership or entitlement and they are not legal land descriptions.</distliab>
      <stdorder>
         <digform>
            <digtinfo>
               <formname>SHP</formname>
               <filedec>PK-ZIP, version 1.93A or higher</filedec>
            </digtinfo>
            <digtopt>
               <onlinopt>
                  <computer>
                     <networka>
                        <networkr>http://www2.census.gov/geo/tiger/GENZ2015/shp/cb_2015_41_sldl_500k.zip</networkr>
                     </networka>
                  </computer>
               </onlinopt>
            </digtopt>
         </digform>
         <fees>The online cartographic boundary files may be downloaded without charge.</fees>
         <ordering>To obtain more information about ordering Cartographic Boundary Files visit http://www.census.gov/geo/www/tiger.</ordering>
      </stdorder>
      <techpreq>The cartographic boundary files contain geographic data only and do not include display mapping software or statistical data.  For information on how to use cartographic boundary file data with specific software package users shall contact the company that produced the software.</techpreq>
   </distinfo>
   <metainfo>
      <metd>201603</metd>
      <metc>
         <cntinfo>
            <cntorgp>
               <cntorg>U.S. Department of Commerce, U.S. Census Bureau, Geography Division, Geographic Customer Services Branch</cntorg>
            </cntorgp>
            <cntaddr>
               <addrtype>mailing</addrtype>
               <address>4600 Silver Hill Road</address>
               <city>Washington</city>
               <state>DC</state>
               <postal>20233-7400</postal>
               <country>United States</country>
            </cntaddr>
            <cntvoice>301.763.1128</cntvoice>
            <cntfax>301.763.4710</cntfax>
            <cntemail>geo.geography@census.gov</cntemail>
         </cntinfo>
      </metc>
      <metstdn>Content Standard for Digital Geospatial Metadata</metstdn>
      <metstdv>FGDC-STD-001-1998</metstdv>
   </metainfo>
</metadata>